stage,reason_code,code_location,count
A0_attach_detail,GATE_TOO_FEW_DATA_ROWS,src/evidence/represent_layout.py:405,21
A0_attach_detail,NO_GRID_FROM_BACKEND,src/evidence/represent_layout.py:386,18
A0_attach_detail,GATE_EMPTY_HEADER_CELL,src/evidence/represent_layout.py:405,17
A0_attach_detail,GATE_HEADER_TOO_LONG,src/evidence/represent_layout.py:405,6
A0_attach_detail,PARSE_TOO_FEW_ROWS,src/evidence/represent_layout.py:76-79,4
A0_attach_detail,GATE_HEADER_NEWLINE,src/evidence/represent_layout.py:405,2
A2_grid_return,NO_GRID_FROM_BACKEND,src/evidence/represent_layout.py:386,18
A3_cell_table,GATE_TOO_FEW_DATA_ROWS,src/evidence/represent_layout.py:405,21
A3_cell_table,GATE_EMPTY_HEADER_CELL,src/evidence/represent_layout.py:405,17
A3_cell_table,GATE_HEADER_TOO_LONG,src/evidence/represent_layout.py:405,6
A3_cell_table,PARSE_TOO_FEW_ROWS,src/evidence/represent_layout.py:76-79,4
A3_cell_table,GATE_HEADER_NEWLINE,src/evidence/represent_layout.py:405,2
A4_cell,CELL_SKIPPED_AT_ATTACH,src/evidence/represent_layout.py:110,21
A4_cell_discard,CELL_ROW_LABEL_CORNER,src/evidence/represent_layout.py:110,539
A4_cell_discard,CELL_EMPTY_VALUE,src/evidence/represent_layout.py:110,55
A4_cell_discard,CELL_VALUE_EQUALS_ROW_LABEL,src/evidence/represent_layout.py:110,7
A5_row,ROW_EMPTY_LABEL,src/evidence/represent_layout.py:160-169,34
A5_row,ROW_LABEL_TOO_LONG,src/evidence/represent_layout.py:160-169,11
B0_evidence_item,VALUE_FAILED_SANITY_CHECK,src/evidence/gate.py:571,19
B0_evidence_item,EVIDENCE_SPAN_NOT_FOUND_IN_PAPER_CHUNKS,src/evidence/gate.py:571,13
B0_evidence_item,OWNERSHIP_UNVERIFIED,src/evidence/gate.py:571,10
B0_evidence_item,UNVERIFIABLE_BINDING,src/evidence/gate.py:571,9
B0_evidence_item,BINDING_WRONG_CELL,src/evidence/gate.py:571,2
B0_evidence_item,ATTRIBUTED_TO_CITED_WORK,src/evidence/gate.py:571,1
B2_binder,PDF_ONLY,src/evidence/gate.py:390,9
B2_binder,NOT_BINDABLE,src/evidence/gate.py:390,3
B2_binder,WRONG_CELL,src/evidence/gate.py:390,2
B2_enters_binder,NO_NUMERIC_ANCHOR,src/evidence/gate.py:525 (anchors.py:27),8
B4_binding,PDF_ONLY,src/evidence/gate.py:390,9
B4_binding,NO_BINDING_CALL,src/evidence/gate.py:390,8
B4_binding,NOT_BINDABLE,src/evidence/gate.py:390,3
B4_binding,WRONG_CELL,src/evidence/gate.py:390,2
B5_result,UNVERIFIABLE_BINDING,src/evidence/gate.py:571,9
B5_result,OWNERSHIP_UNVERIFIED,src/evidence/gate.py:571,5
B5_result,EVIDENCE_SPAN_NOT_FOUND_IN_PAPER_CHUNKS,src/evidence/gate.py:571,2
B5_result,BINDING_WRONG_CELL,src/evidence/gate.py:571,2
