stage,item_type,extraction_path,in,out,dropped,conserved
A0_attach_detail,table_block,cell_table,92,92,0,True
A0_attach_detail,table_block,fallback,68,0,68,True
A1_table_block,table_block,cell_table,92,92,0,True
A1_table_block,table_block,fallback,68,68,0,True
A2_grid_return,grid_return,cell_table,92,92,0,True
A2_grid_return,grid_return,fallback,68,50,18,True
A3_cell_table,cell_table,cell_table,92,92,0,True
A3_cell_table,fallback_table,fallback,50,0,50,True
A4_cell,cell,cell_table,113,92,21,True
A4_cell_discard,cell,cell_table,601,0,601,True
A5_row,row,cell_table,576,539,37,True
A5_row,row,fallback,8,0,8,True
B0_evidence_item,claim,n/a,84,30,54,True
B1_claim,claim,n/a,22,22,0,True
B2_binder,binding_attempt,n/a,14,0,14,True
B2_enters_binder,claim,n/a,22,14,8,True
B4_binding,binding_attempt,n/a,22,0,22,True
B5_result,result,n/a,22,4,18,True
