paper_id,table_id,block_id,grid_returned,gate_result,gate_reason_codes,gate_reason_raw,path,n_cells_attached,n_cells_discarded_at_attach,discarded_empty_value,discarded_empty_header,discarded_value_equals_row_label,row_label_corner_cells,rows_before_gate,rows_after_gate,contributed_to_returned_metric
141276ba659da6e5aca1d3499713104eb3ca3c78,141276ba659da6e5aca1d3499713104eb3ca3c78:0,141276ba659da6e5aca1d3499713104eb3ca3c78:112,True,passed,,,cell,4,0,0,0,0,2,2,2,False
141276ba659da6e5aca1d3499713104eb3ca3c78,141276ba659da6e5aca1d3499713104eb3ca3c78:1,141276ba659da6e5aca1d3499713104eb3ca3c78:119,True,passed,,,cell,45,0,0,0,0,9,9,9,False
141276ba659da6e5aca1d3499713104eb3ca3c78,141276ba659da6e5aca1d3499713104eb3ca3c78:2,141276ba659da6e5aca1d3499713104eb3ca3c78:123,False,no_grid,,,fallback,0,0,0,0,0,0,0,0,False
141276ba659da6e5aca1d3499713104eb3ca3c78,141276ba659da6e5aca1d3499713104eb3ca3c78:3,141276ba659da6e5aca1d3499713104eb3ca3c78:137,True,passed,,,cell,30,0,0,0,0,6,6,6,False
141276ba659da6e5aca1d3499713104eb3ca3c78,141276ba659da6e5aca1d3499713104eb3ca3c78:4,141276ba659da6e5aca1d3499713104eb3ca3c78:330,True,passed,,,cell,4,0,0,0,0,4,4,4,False
141276ba659da6e5aca1d3499713104eb3ca3c78,141276ba659da6e5aca1d3499713104eb3ca3c78:5,141276ba659da6e5aca1d3499713104eb3ca3c78:338,True,passed,,,cell,9,0,0,0,0,3,3,3,False
141276ba659da6e5aca1d3499713104eb3ca3c78,141276ba659da6e5aca1d3499713104eb3ca3c78:6,141276ba659da6e5aca1d3499713104eb3ca3c78:341,True,passed,,,cell,9,0,0,0,0,3,3,3,False
141276ba659da6e5aca1d3499713104eb3ca3c78,141276ba659da6e5aca1d3499713104eb3ca3c78:7,141276ba659da6e5aca1d3499713104eb3ca3c78:344,True,passed,,,cell,10,0,0,0,0,5,5,5,False
2009dbb5f2903221c2452ecde1d9b5be2fb5fcfd,2009dbb5f2903221c2452ecde1d9b5be2fb5fcfd:0,2009dbb5f2903221c2452ecde1d9b5be2fb5fcfd:57,True,rejected,GATE_EMPTY_HEADER_CELL,empty_header_cell:col1,fallback,0,0,0,0,0,0,9,0,False
2009dbb5f2903221c2452ecde1d9b5be2fb5fcfd,2009dbb5f2903221c2452ecde1d9b5be2fb5fcfd:1,2009dbb5f2903221c2452ecde1d9b5be2fb5fcfd:58,True,passed,,,cell,8,0,0,0,0,4,4,4,False
413a184de4b1c752466fbfca3cd3b1f039f99d48,413a184de4b1c752466fbfca3cd3b1f039f99d48:0,413a184de4b1c752466fbfca3cd3b1f039f99d48:240,True,passed,,,cell,15,0,0,0,0,5,5,5,False
413a184de4b1c752466fbfca3cd3b1f039f99d48,413a184de4b1c752466fbfca3cd3b1f039f99d48:1,413a184de4b1c752466fbfca3cd3b1f039f99d48:261,True,passed,,,cell,30,0,0,0,0,5,5,5,False
413a184de4b1c752466fbfca3cd3b1f039f99d48,413a184de4b1c752466fbfca3cd3b1f039f99d48:2,413a184de4b1c752466fbfca3cd3b1f039f99d48:266,True,passed,,,cell,9,0,0,0,0,3,3,3,False
413a184de4b1c752466fbfca3cd3b1f039f99d48,413a184de4b1c752466fbfca3cd3b1f039f99d48:3,413a184de4b1c752466fbfca3cd3b1f039f99d48:278,True,passed,,,cell,51,0,0,0,0,17,19,17,False
413a184de4b1c752466fbfca3cd3b1f039f99d48,413a184de4b1c752466fbfca3cd3b1f039f99d48:4,413a184de4b1c752466fbfca3cd3b1f039f99d48:284,True,passed,,,cell,3,0,0,0,0,3,3,3,False
413a184de4b1c752466fbfca3cd3b1f039f99d48,413a184de4b1c752466fbfca3cd3b1f039f99d48:5,413a184de4b1c752466fbfca3cd3b1f039f99d48:296,True,passed,,,cell,12,0,0,0,0,6,6,6,False
413a184de4b1c752466fbfca3cd3b1f039f99d48,413a184de4b1c752466fbfca3cd3b1f039f99d48:6,413a184de4b1c752466fbfca3cd3b1f039f99d48:297,True,passed,,,cell,10,0,0,0,0,5,5,5,False
413a184de4b1c752466fbfca3cd3b1f039f99d48,413a184de4b1c752466fbfca3cd3b1f039f99d48:7,413a184de4b1c752466fbfca3cd3b1f039f99d48:304,True,passed,,,cell,20,0,0,0,0,10,10,10,False
413a184de4b1c752466fbfca3cd3b1f039f99d48,413a184de4b1c752466fbfca3cd3b1f039f99d48:8,413a184de4b1c752466fbfca3cd3b1f039f99d48:334,True,passed,,,cell,18,3,3,0,0,7,7,7,False
413a184de4b1c752466fbfca3cd3b1f039f99d48,413a184de4b1c752466fbfca3cd3b1f039f99d48:9,413a184de4b1c752466fbfca3cd3b1f039f99d48:346,True,passed,,,cell,10,0,0,0,0,5,5,5,False
413a184de4b1c752466fbfca3cd3b1f039f99d48,413a184de4b1c752466fbfca3cd3b1f039f99d48:10,413a184de4b1c752466fbfca3cd3b1f039f99d48:360,True,passed,,,cell,21,0,0,0,0,7,7,7,False
413a184de4b1c752466fbfca3cd3b1f039f99d48,413a184de4b1c752466fbfca3cd3b1f039f99d48:11,413a184de4b1c752466fbfca3cd3b1f039f99d48:366,True,passed,,,cell,23,1,1,0,0,6,6,6,False
413a184de4b1c752466fbfca3cd3b1f039f99d48,413a184de4b1c752466fbfca3cd3b1f039f99d48:12,413a184de4b1c752466fbfca3cd3b1f039f99d48:378,True,passed,,,cell,13,2,2,0,0,3,3,3,False
413a184de4b1c752466fbfca3cd3b1f039f99d48,413a184de4b1c752466fbfca3cd3b1f039f99d48:13,413a184de4b1c752466fbfca3cd3b1f039f99d48:395,True,passed,,,cell,6,0,0,0,0,3,3,3,False
413a184de4b1c752466fbfca3cd3b1f039f99d48,413a184de4b1c752466fbfca3cd3b1f039f99d48:14,413a184de4b1c752466fbfca3cd3b1f039f99d48:411,True,passed,,,cell,24,0,0,0,0,8,10,8,False
413a184de4b1c752466fbfca3cd3b1f039f99d48,413a184de4b1c752466fbfca3cd3b1f039f99d48:15,413a184de4b1c752466fbfca3cd3b1f039f99d48:416,True,passed,,,cell,4,0,0,0,0,2,2,2,False
413a184de4b1c752466fbfca3cd3b1f039f99d48,413a184de4b1c752466fbfca3cd3b1f039f99d48:16,413a184de4b1c752466fbfca3cd3b1f039f99d48:419,True,passed,,,cell,3,0,0,0,0,3,3,3,False
413a184de4b1c752466fbfca3cd3b1f039f99d48,413a184de4b1c752466fbfca3cd3b1f039f99d48:17,413a184de4b1c752466fbfca3cd3b1f039f99d48:535,True,passed,,,cell,9,0,0,0,0,3,15,3,False
413a184de4b1c752466fbfca3cd3b1f039f99d48,413a184de4b1c752466fbfca3cd3b1f039f99d48:18,413a184de4b1c752466fbfca3cd3b1f039f99d48:543,True,passed,,,cell,72,0,0,0,0,12,12,12,False
413a184de4b1c752466fbfca3cd3b1f039f99d48,413a184de4b1c752466fbfca3cd3b1f039f99d48:19,413a184de4b1c752466fbfca3cd3b1f039f99d48:547,True,passed,,,cell,25,0,0,0,0,5,5,5,False
413a184de4b1c752466fbfca3cd3b1f039f99d48,413a184de4b1c752466fbfca3cd3b1f039f99d48:20,413a184de4b1c752466fbfca3cd3b1f039f99d48:548,True,passed,,,cell,6,0,0,0,0,2,2,2,False
413a184de4b1c752466fbfca3cd3b1f039f99d48,413a184de4b1c752466fbfca3cd3b1f039f99d48:21,413a184de4b1c752466fbfca3cd3b1f039f99d48:561,True,passed,,,cell,40,0,0,0,0,8,8,8,False
413a184de4b1c752466fbfca3cd3b1f039f99d48,413a184de4b1c752466fbfca3cd3b1f039f99d48:22,413a184de4b1c752466fbfca3cd3b1f039f99d48:578,True,passed,,,cell,10,0,0,0,0,5,5,5,False
413a184de4b1c752466fbfca3cd3b1f039f99d48,413a184de4b1c752466fbfca3cd3b1f039f99d48:23,413a184de4b1c752466fbfca3cd3b1f039f99d48:579,True,rejected,GATE_HEADER_TOO_LONG,header_too_long:col1:41,fallback,0,0,0,0,0,0,8,0,False
413a184de4b1c752466fbfca3cd3b1f039f99d48,413a184de4b1c752466fbfca3cd3b1f039f99d48:24,413a184de4b1c752466fbfca3cd3b1f039f99d48:590,True,passed,,,cell,10,0,0,0,0,5,5,5,False
4f3fca4c4fa8471dfef57857a2bfc4c86a7735f1,4f3fca4c4fa8471dfef57857a2bfc4c86a7735f1:0,4f3fca4c4fa8471dfef57857a2bfc4c86a7735f1:105,True,passed,,,cell,8,0,0,0,0,8,8,8,False
4f3fca4c4fa8471dfef57857a2bfc4c86a7735f1,4f3fca4c4fa8471dfef57857a2bfc4c86a7735f1:1,4f3fca4c4fa8471dfef57857a2bfc4c86a7735f1:106,True,passed,,,cell,12,0,0,0,0,4,4,4,False
4f3fca4c4fa8471dfef57857a2bfc4c86a7735f1,4f3fca4c4fa8471dfef57857a2bfc4c86a7735f1:2,4f3fca4c4fa8471dfef57857a2bfc4c86a7735f1:113,False,no_grid,,,fallback,0,0,0,0,0,0,0,0,False
4f3fca4c4fa8471dfef57857a2bfc4c86a7735f1,4f3fca4c4fa8471dfef57857a2bfc4c86a7735f1:3,4f3fca4c4fa8471dfef57857a2bfc4c86a7735f1:171,True,passed,,,cell,12,0,0,0,0,6,7,6,False
6437463b4b13b7cc1cc75f3a9bfce4e2281ed79d,6437463b4b13b7cc1cc75f3a9bfce4e2281ed79d:0,6437463b4b13b7cc1cc75f3a9bfce4e2281ed79d:133,False,no_grid,,,fallback,0,0,0,0,0,0,0,0,False
6437463b4b13b7cc1cc75f3a9bfce4e2281ed79d,6437463b4b13b7cc1cc75f3a9bfce4e2281ed79d:1,6437463b4b13b7cc1cc75f3a9bfce4e2281ed79d:139,True,passed,,,cell,30,0,0,0,0,5,5,5,False
6437463b4b13b7cc1cc75f3a9bfce4e2281ed79d,6437463b4b13b7cc1cc75f3a9bfce4e2281ed79d:2,6437463b4b13b7cc1cc75f3a9bfce4e2281ed79d:205,True,passed,,,cell,12,0,0,0,0,4,4,4,False
6437463b4b13b7cc1cc75f3a9bfce4e2281ed79d,6437463b4b13b7cc1cc75f3a9bfce4e2281ed79d:3,6437463b4b13b7cc1cc75f3a9bfce4e2281ed79d:211,True,passed,,,cell,7,0,0,0,0,7,7,7,False
6437463b4b13b7cc1cc75f3a9bfce4e2281ed79d,6437463b4b13b7cc1cc75f3a9bfce4e2281ed79d:4,6437463b4b13b7cc1cc75f3a9bfce4e2281ed79d:223,True,passed,,,cell,20,0,0,0,0,4,4,4,False
68f93a5921c1c6bbc5e0032f87366e46a06fded0,68f93a5921c1c6bbc5e0032f87366e46a06fded0:0,68f93a5921c1c6bbc5e0032f87366e46a06fded0:95,False,no_grid,,,fallback,0,0,0,0,0,0,0,0,False
68f93a5921c1c6bbc5e0032f87366e46a06fded0,68f93a5921c1c6bbc5e0032f87366e46a06fded0:1,68f93a5921c1c6bbc5e0032f87366e46a06fded0:118,True,rejected,GATE_TOO_FEW_DATA_ROWS,too_few_data_rows:1,fallback,0,0,0,0,0,0,1,0,False
68f93a5921c1c6bbc5e0032f87366e46a06fded0,68f93a5921c1c6bbc5e0032f87366e46a06fded0:2,68f93a5921c1c6bbc5e0032f87366e46a06fded0:126,True,rejected,GATE_TOO_FEW_DATA_ROWS,too_few_data_rows:1,fallback,0,0,0,0,0,0,1,0,False
81e060664f2446a3c2b8f6597c5ccf0984e744d5,81e060664f2446a3c2b8f6597c5ccf0984e744d5:0,81e060664f2446a3c2b8f6597c5ccf0984e744d5:36,True,rejected,GATE_TOO_FEW_DATA_ROWS,too_few_data_rows:0,fallback,0,0,0,0,0,0,0,0,False
81e060664f2446a3c2b8f6597c5ccf0984e744d5,81e060664f2446a3c2b8f6597c5ccf0984e744d5:1,81e060664f2446a3c2b8f6597c5ccf0984e744d5:52,True,passed,,,cell,15,5,5,0,0,10,10,10,False
96285d75a5258dbbb883b31e23ff292605fa6f5a,96285d75a5258dbbb883b31e23ff292605fa6f5a:0,96285d75a5258dbbb883b31e23ff292605fa6f5a:97,True,passed,,,cell,6,3,3,0,0,3,3,3,False
96285d75a5258dbbb883b31e23ff292605fa6f5a,96285d75a5258dbbb883b31e23ff292605fa6f5a:1,96285d75a5258dbbb883b31e23ff292605fa6f5a:106,False,no_grid,,,fallback,0,0,0,0,0,0,0,0,False
96285d75a5258dbbb883b31e23ff292605fa6f5a,96285d75a5258dbbb883b31e23ff292605fa6f5a:2,96285d75a5258dbbb883b31e23ff292605fa6f5a:125,True,passed,,,cell,18,0,0,0,0,6,6,6,False
96285d75a5258dbbb883b31e23ff292605fa6f5a,96285d75a5258dbbb883b31e23ff292605fa6f5a:3,96285d75a5258dbbb883b31e23ff292605fa6f5a:147,True,rejected,GATE_EMPTY_HEADER_CELL,empty_header_cell:col1,fallback,0,0,0,0,0,0,14,0,False
96285d75a5258dbbb883b31e23ff292605fa6f5a,96285d75a5258dbbb883b31e23ff292605fa6f5a:4,96285d75a5258dbbb883b31e23ff292605fa6f5a:177,True,passed,,,cell,18,0,0,0,0,6,14,6,False
96285d75a5258dbbb883b31e23ff292605fa6f5a,96285d75a5258dbbb883b31e23ff292605fa6f5a:5,96285d75a5258dbbb883b31e23ff292605fa6f5a:183,True,passed,,,cell,21,0,0,0,0,7,7,7,False
96285d75a5258dbbb883b31e23ff292605fa6f5a,96285d75a5258dbbb883b31e23ff292605fa6f5a:6,96285d75a5258dbbb883b31e23ff292605fa6f5a:184,False,no_grid,,,fallback,0,0,0,0,0,0,0,0,False
96285d75a5258dbbb883b31e23ff292605fa6f5a,96285d75a5258dbbb883b31e23ff292605fa6f5a:7,96285d75a5258dbbb883b31e23ff292605fa6f5a:208,True,passed,,,cell,12,0,0,0,0,6,6,6,False
96285d75a5258dbbb883b31e23ff292605fa6f5a,96285d75a5258dbbb883b31e23ff292605fa6f5a:8,96285d75a5258dbbb883b31e23ff292605fa6f5a:215,True,passed,,,cell,21,0,0,0,0,7,12,7,False
96285d75a5258dbbb883b31e23ff292605fa6f5a,96285d75a5258dbbb883b31e23ff292605fa6f5a:9,96285d75a5258dbbb883b31e23ff292605fa6f5a:356,True,passed,,,cell,7,0,0,0,0,7,7,7,False
96285d75a5258dbbb883b31e23ff292605fa6f5a,96285d75a5258dbbb883b31e23ff292605fa6f5a:10,96285d75a5258dbbb883b31e23ff292605fa6f5a:383,True,rejected,GATE_EMPTY_HEADER_CELL,empty_header_cell:col1,fallback,0,0,0,0,0,0,15,0,False
96285d75a5258dbbb883b31e23ff292605fa6f5a,96285d75a5258dbbb883b31e23ff292605fa6f5a:11,96285d75a5258dbbb883b31e23ff292605fa6f5a:394,True,passed,,,cell,12,0,0,0,0,6,6,6,False
a6ecdf69703d98cc3e05176a930276d4480d7ced,a6ecdf69703d98cc3e05176a930276d4480d7ced:0,a6ecdf69703d98cc3e05176a930276d4480d7ced:27,True,passed,,,cell,8,0,0,0,0,4,4,4,False
a6ecdf69703d98cc3e05176a930276d4480d7ced,a6ecdf69703d98cc3e05176a930276d4480d7ced:1,a6ecdf69703d98cc3e05176a930276d4480d7ced:55,True,passed,,,cell,12,0,0,0,0,4,4,4,False
a6ecdf69703d98cc3e05176a930276d4480d7ced,a6ecdf69703d98cc3e05176a930276d4480d7ced:2,a6ecdf69703d98cc3e05176a930276d4480d7ced:56,False,no_grid,,,fallback,0,0,0,0,0,0,0,0,False
ae2768758f9928d50eebd4c945f47ff51e0e6f3b,ae2768758f9928d50eebd4c945f47ff51e0e6f3b:0,ae2768758f9928d50eebd4c945f47ff51e0e6f3b:19,True,rejected,GATE_HEADER_NEWLINE,newline_in_header:col3,fallback,0,0,0,0,0,0,3,0,False
be7c4dc39030508deb495c9f689526ca1b4289cf,be7c4dc39030508deb495c9f689526ca1b4289cf:0,be7c4dc39030508deb495c9f689526ca1b4289cf:31,True,passed,,,cell,4,0,0,0,0,1,3,1,False
be7c4dc39030508deb495c9f689526ca1b4289cf,be7c4dc39030508deb495c9f689526ca1b4289cf:1,be7c4dc39030508deb495c9f689526ca1b4289cf:68,True,passed,,,cell,36,0,0,0,0,9,9,9,False
be7c4dc39030508deb495c9f689526ca1b4289cf,be7c4dc39030508deb495c9f689526ca1b4289cf:2,be7c4dc39030508deb495c9f689526ca1b4289cf:75,False,no_grid,,,fallback,0,0,0,0,0,0,0,0,False
be7c4dc39030508deb495c9f689526ca1b4289cf,be7c4dc39030508deb495c9f689526ca1b4289cf:3,be7c4dc39030508deb495c9f689526ca1b4289cf:85,True,passed,,,cell,6,0,0,0,0,6,6,6,False
be7c4dc39030508deb495c9f689526ca1b4289cf,be7c4dc39030508deb495c9f689526ca1b4289cf:4,be7c4dc39030508deb495c9f689526ca1b4289cf:92,True,rejected,GATE_TOO_FEW_DATA_ROWS,too_few_data_rows:1,fallback,0,0,0,0,0,0,1,0,False
c093b845f68ee02f440f80ec911220395ba5f904,c093b845f68ee02f440f80ec911220395ba5f904:0,c093b845f68ee02f440f80ec911220395ba5f904:54,True,passed,,,cell,9,0,0,0,0,3,3,3,False
d3b5f3c050b4e155c80620a0c1f831ee5fdb73ce,d3b5f3c050b4e155c80620a0c1f831ee5fdb73ce:0,d3b5f3c050b4e155c80620a0c1f831ee5fdb73ce:114,True,rejected,GATE_EMPTY_HEADER_CELL,empty_header_cell:col2,fallback,0,0,0,0,0,0,4,0,False
d3b5f3c050b4e155c80620a0c1f831ee5fdb73ce,d3b5f3c050b4e155c80620a0c1f831ee5fdb73ce:1,d3b5f3c050b4e155c80620a0c1f831ee5fdb73ce:187,True,passed,,,cell,5,0,0,0,0,5,5,5,False
d3b5f3c050b4e155c80620a0c1f831ee5fdb73ce,d3b5f3c050b4e155c80620a0c1f831ee5fdb73ce:2,d3b5f3c050b4e155c80620a0c1f831ee5fdb73ce:275,True,passed,,,cell,14,0,0,0,0,7,7,7,False
d3b5f3c050b4e155c80620a0c1f831ee5fdb73ce,d3b5f3c050b4e155c80620a0c1f831ee5fdb73ce:3,d3b5f3c050b4e155c80620a0c1f831ee5fdb73ce:286,True,passed,,,cell,6,0,0,0,0,3,3,3,False
d3b5f3c050b4e155c80620a0c1f831ee5fdb73ce,d3b5f3c050b4e155c80620a0c1f831ee5fdb73ce:4,d3b5f3c050b4e155c80620a0c1f831ee5fdb73ce:289,False,no_grid,,,fallback,0,0,0,0,0,0,0,0,False
e6f1d66c34b525dc480ced9902cf46419b6a37fa,e6f1d66c34b525dc480ced9902cf46419b6a37fa:0,e6f1d66c34b525dc480ced9902cf46419b6a37fa:81,True,passed,,,cell,3,0,0,0,0,3,3,3,False
e6f1d66c34b525dc480ced9902cf46419b6a37fa,e6f1d66c34b525dc480ced9902cf46419b6a37fa:1,e6f1d66c34b525dc480ced9902cf46419b6a37fa:86,True,passed,,,cell,12,0,0,0,0,3,3,3,False
e6f1d66c34b525dc480ced9902cf46419b6a37fa,e6f1d66c34b525dc480ced9902cf46419b6a37fa:2,e6f1d66c34b525dc480ced9902cf46419b6a37fa:101,True,passed,,,cell,15,0,0,0,0,5,5,5,False
e6f1d66c34b525dc480ced9902cf46419b6a37fa,e6f1d66c34b525dc480ced9902cf46419b6a37fa:3,e6f1d66c34b525dc480ced9902cf46419b6a37fa:102,True,passed,,,cell,9,0,0,0,0,3,3,3,False
e6f1d66c34b525dc480ced9902cf46419b6a37fa,e6f1d66c34b525dc480ced9902cf46419b6a37fa:4,e6f1d66c34b525dc480ced9902cf46419b6a37fa:117,True,passed,,,cell,16,0,0,0,0,4,4,4,False
e6f1d66c34b525dc480ced9902cf46419b6a37fa,e6f1d66c34b525dc480ced9902cf46419b6a37fa:5,e6f1d66c34b525dc480ced9902cf46419b6a37fa:118,True,passed,,,cell,9,0,0,0,0,3,3,3,False
e6f1d66c34b525dc480ced9902cf46419b6a37fa,e6f1d66c34b525dc480ced9902cf46419b6a37fa:6,e6f1d66c34b525dc480ced9902cf46419b6a37fa:121,False,no_grid,,,fallback,0,0,0,0,0,0,0,0,False
e6f1d66c34b525dc480ced9902cf46419b6a37fa,e6f1d66c34b525dc480ced9902cf46419b6a37fa:7,e6f1d66c34b525dc480ced9902cf46419b6a37fa:126,False,no_grid,,,fallback,0,0,0,0,0,0,0,0,False
f1f07a37d4cd44daab987ff19c0bcd185910f50c,f1f07a37d4cd44daab987ff19c0bcd185910f50c:0,f1f07a37d4cd44daab987ff19c0bcd185910f50c:51,True,rejected,GATE_TOO_FEW_DATA_ROWS,too_few_data_rows:1,fallback,0,0,0,0,0,0,1,0,False
f1f07a37d4cd44daab987ff19c0bcd185910f50c,f1f07a37d4cd44daab987ff19c0bcd185910f50c:1,f1f07a37d4cd44daab987ff19c0bcd185910f50c:320,True,rejected,GATE_TOO_FEW_DATA_ROWS,too_few_data_rows:0,fallback,0,0,0,0,0,0,0,0,False
f1f07a37d4cd44daab987ff19c0bcd185910f50c,f1f07a37d4cd44daab987ff19c0bcd185910f50c:2,f1f07a37d4cd44daab987ff19c0bcd185910f50c:329,True,rejected,GATE_TOO_FEW_DATA_ROWS,too_few_data_rows:0,fallback,0,0,0,0,0,0,0,0,False
f1f07a37d4cd44daab987ff19c0bcd185910f50c,f1f07a37d4cd44daab987ff19c0bcd185910f50c:3,f1f07a37d4cd44daab987ff19c0bcd185910f50c:332,True,rejected,GATE_TOO_FEW_DATA_ROWS,too_few_data_rows:0,fallback,0,0,0,0,0,0,0,0,False
f1f07a37d4cd44daab987ff19c0bcd185910f50c,f1f07a37d4cd44daab987ff19c0bcd185910f50c:4,f1f07a37d4cd44daab987ff19c0bcd185910f50c:336,True,rejected,GATE_TOO_FEW_DATA_ROWS,too_few_data_rows:0,fallback,0,0,0,0,0,0,0,0,False
f1f07a37d4cd44daab987ff19c0bcd185910f50c,f1f07a37d4cd44daab987ff19c0bcd185910f50c:5,f1f07a37d4cd44daab987ff19c0bcd185910f50c:340,True,rejected,GATE_TOO_FEW_DATA_ROWS,too_few_data_rows:0,fallback,0,0,0,0,0,0,0,0,False
f1f07a37d4cd44daab987ff19c0bcd185910f50c,f1f07a37d4cd44daab987ff19c0bcd185910f50c:6,f1f07a37d4cd44daab987ff19c0bcd185910f50c:343,True,rejected,GATE_EMPTY_HEADER_CELL,empty_header_cell:col2,fallback,0,0,0,0,0,0,3,0,False
f1f07a37d4cd44daab987ff19c0bcd185910f50c,f1f07a37d4cd44daab987ff19c0bcd185910f50c:7,f1f07a37d4cd44daab987ff19c0bcd185910f50c:355,True,rejected,GATE_HEADER_TOO_LONG,header_too_long:col2:44,fallback,0,0,0,0,0,0,24,0,False
f1f07a37d4cd44daab987ff19c0bcd185910f50c,f1f07a37d4cd44daab987ff19c0bcd185910f50c:8,f1f07a37d4cd44daab987ff19c0bcd185910f50c:379,True,rejected,GATE_HEADER_TOO_LONG,header_too_long:col0:68,fallback,0,0,0,0,0,0,2,0,False
f1f07a37d4cd44daab987ff19c0bcd185910f50c,f1f07a37d4cd44daab987ff19c0bcd185910f50c:9,f1f07a37d4cd44daab987ff19c0bcd185910f50c:450,True,rejected,GATE_EMPTY_HEADER_CELL,empty_header_cell:col2,fallback,0,0,0,0,0,0,3,0,False
f1f07a37d4cd44daab987ff19c0bcd185910f50c,f1f07a37d4cd44daab987ff19c0bcd185910f50c:10,f1f07a37d4cd44daab987ff19c0bcd185910f50c:453,True,rejected,GATE_HEADER_TOO_LONG,header_too_long:col2:41,fallback,0,0,0,0,0,0,2,0,False
f1f07a37d4cd44daab987ff19c0bcd185910f50c,f1f07a37d4cd44daab987ff19c0bcd185910f50c:11,f1f07a37d4cd44daab987ff19c0bcd185910f50c:456,True,rejected,GATE_TOO_FEW_DATA_ROWS,too_few_data_rows:0,fallback,0,0,0,0,0,0,0,0,False
f1f07a37d4cd44daab987ff19c0bcd185910f50c,f1f07a37d4cd44daab987ff19c0bcd185910f50c:12,f1f07a37d4cd44daab987ff19c0bcd185910f50c:476,True,rejected,GATE_EMPTY_HEADER_CELL,empty_header_cell:col2,fallback,0,0,0,0,0,0,6,0,False
f1f07a37d4cd44daab987ff19c0bcd185910f50c,f1f07a37d4cd44daab987ff19c0bcd185910f50c:13,f1f07a37d4cd44daab987ff19c0bcd185910f50c:480,True,rejected,GATE_TOO_FEW_DATA_ROWS,too_few_data_rows:0,fallback,0,0,0,0,0,0,0,0,False
f1f07a37d4cd44daab987ff19c0bcd185910f50c,f1f07a37d4cd44daab987ff19c0bcd185910f50c:14,f1f07a37d4cd44daab987ff19c0bcd185910f50c:496,True,rejected,GATE_EMPTY_HEADER_CELL,empty_header_cell:col2,fallback,0,0,0,0,0,0,6,0,False
f1f07a37d4cd44daab987ff19c0bcd185910f50c,f1f07a37d4cd44daab987ff19c0bcd185910f50c:15,f1f07a37d4cd44daab987ff19c0bcd185910f50c:531,False,no_grid,,,fallback,0,0,0,0,0,0,0,0,False
f1f07a37d4cd44daab987ff19c0bcd185910f50c,f1f07a37d4cd44daab987ff19c0bcd185910f50c:16,f1f07a37d4cd44daab987ff19c0bcd185910f50c:537,True,rejected,GATE_TOO_FEW_DATA_ROWS,too_few_data_rows:0,fallback,0,0,0,0,0,0,0,0,False
f1f07a37d4cd44daab987ff19c0bcd185910f50c,f1f07a37d4cd44daab987ff19c0bcd185910f50c:17,f1f07a37d4cd44daab987ff19c0bcd185910f50c:630,True,rejected,GATE_TOO_FEW_DATA_ROWS,too_few_data_rows:0,fallback,0,0,0,0,0,0,0,0,False
f1f07a37d4cd44daab987ff19c0bcd185910f50c,f1f07a37d4cd44daab987ff19c0bcd185910f50c:18,f1f07a37d4cd44daab987ff19c0bcd185910f50c:636,True,rejected,GATE_EMPTY_HEADER_CELL,empty_header_cell:col2,fallback,0,0,0,0,0,0,5,0,False
f1f07a37d4cd44daab987ff19c0bcd185910f50c,f1f07a37d4cd44daab987ff19c0bcd185910f50c:19,f1f07a37d4cd44daab987ff19c0bcd185910f50c:681,True,rejected,GATE_TOO_FEW_DATA_ROWS,too_few_data_rows:0,fallback,0,0,0,0,0,0,0,0,False
f1f07a37d4cd44daab987ff19c0bcd185910f50c,f1f07a37d4cd44daab987ff19c0bcd185910f50c:20,f1f07a37d4cd44daab987ff19c0bcd185910f50c:693,True,rejected,GATE_TOO_FEW_DATA_ROWS,too_few_data_rows:0,fallback,0,0,0,0,0,0,0,0,False
f1f07a37d4cd44daab987ff19c0bcd185910f50c,f1f07a37d4cd44daab987ff19c0bcd185910f50c:21,f1f07a37d4cd44daab987ff19c0bcd185910f50c:705,True,rejected,GATE_TOO_FEW_DATA_ROWS,too_few_data_rows:0,fallback,0,0,0,0,0,0,0,0,False
f1f07a37d4cd44daab987ff19c0bcd185910f50c,f1f07a37d4cd44daab987ff19c0bcd185910f50c:22,f1f07a37d4cd44daab987ff19c0bcd185910f50c:721,True,rejected,GATE_TOO_FEW_DATA_ROWS,too_few_data_rows:0,fallback,0,0,0,0,0,0,0,0,False
f1f07a37d4cd44daab987ff19c0bcd185910f50c,f1f07a37d4cd44daab987ff19c0bcd185910f50c:23,f1f07a37d4cd44daab987ff19c0bcd185910f50c:730,True,rejected,GATE_TOO_FEW_DATA_ROWS,too_few_data_rows:0,fallback,0,0,0,0,0,0,0,0,False
f1f07a37d4cd44daab987ff19c0bcd185910f50c,f1f07a37d4cd44daab987ff19c0bcd185910f50c:24,f1f07a37d4cd44daab987ff19c0bcd185910f50c:789,False,no_grid,,,fallback,0,0,0,0,0,0,0,0,False
f1f07a37d4cd44daab987ff19c0bcd185910f50c,f1f07a37d4cd44daab987ff19c0bcd185910f50c:25,f1f07a37d4cd44daab987ff19c0bcd185910f50c:798,True,passed,,,cell,18,0,0,0,0,6,6,6,False
f1f07a37d4cd44daab987ff19c0bcd185910f50c,f1f07a37d4cd44daab987ff19c0bcd185910f50c:26,f1f07a37d4cd44daab987ff19c0bcd185910f50c:1075,True,rejected,GATE_TOO_FEW_DATA_ROWS,too_few_data_rows:0,fallback,0,0,0,0,0,0,0,0,False
f1f07a37d4cd44daab987ff19c0bcd185910f50c,f1f07a37d4cd44daab987ff19c0bcd185910f50c:27,f1f07a37d4cd44daab987ff19c0bcd185910f50c:1094,True,rejected,GATE_HEADER_TOO_LONG,header_too_long:col2:59,fallback,0,0,0,0,0,0,4,0,False
f1f07a37d4cd44daab987ff19c0bcd185910f50c,f1f07a37d4cd44daab987ff19c0bcd185910f50c:28,f1f07a37d4cd44daab987ff19c0bcd185910f50c:1115,True,rejected,GATE_EMPTY_HEADER_CELL,empty_header_cell:col2,fallback,0,0,0,0,0,0,6,0,False
f1f07a37d4cd44daab987ff19c0bcd185910f50c,f1f07a37d4cd44daab987ff19c0bcd185910f50c:29,f1f07a37d4cd44daab987ff19c0bcd185910f50c:1137,True,rejected,GATE_TOO_FEW_DATA_ROWS,too_few_data_rows:0,fallback,0,0,0,0,0,0,0,0,False
f1f07a37d4cd44daab987ff19c0bcd185910f50c,f1f07a37d4cd44daab987ff19c0bcd185910f50c:30,f1f07a37d4cd44daab987ff19c0bcd185910f50c:1150,False,no_grid,,,fallback,0,0,0,0,0,0,0,0,False
f3b06a91470232d1587b194e2bc82fa9a50f3c9f,f3b06a91470232d1587b194e2bc82fa9a50f3c9f:0,f3b06a91470232d1587b194e2bc82fa9a50f3c9f:52,True,passed,,,cell,97,2,1,0,1,11,11,11,False
f3b06a91470232d1587b194e2bc82fa9a50f3c9f,f3b06a91470232d1587b194e2bc82fa9a50f3c9f:1,f3b06a91470232d1587b194e2bc82fa9a50f3c9f:57,True,passed,,,cell,86,2,1,0,1,11,11,11,False
f3b06a91470232d1587b194e2bc82fa9a50f3c9f,f3b06a91470232d1587b194e2bc82fa9a50f3c9f:2,f3b06a91470232d1587b194e2bc82fa9a50f3c9f:71,True,rejected,GATE_EMPTY_HEADER_CELL,empty_header_cell:col1,fallback,0,0,0,0,0,0,5,0,False
f3b06a91470232d1587b194e2bc82fa9a50f3c9f,f3b06a91470232d1587b194e2bc82fa9a50f3c9f:3,f3b06a91470232d1587b194e2bc82fa9a50f3c9f:77,True,passed,,,cell,16,2,2,0,0,9,9,9,False
f3b06a91470232d1587b194e2bc82fa9a50f3c9f,f3b06a91470232d1587b194e2bc82fa9a50f3c9f:4,f3b06a91470232d1587b194e2bc82fa9a50f3c9f:90,True,passed,,,cell,18,0,0,0,0,3,3,3,False
f3b06a91470232d1587b194e2bc82fa9a50f3c9f,f3b06a91470232d1587b194e2bc82fa9a50f3c9f:5,f3b06a91470232d1587b194e2bc82fa9a50f3c9f:184,False,no_grid,,,fallback,0,0,0,0,0,0,0,0,False
f3b06a91470232d1587b194e2bc82fa9a50f3c9f,f3b06a91470232d1587b194e2bc82fa9a50f3c9f:6,f3b06a91470232d1587b194e2bc82fa9a50f3c9f:185,True,rejected,GATE_EMPTY_HEADER_CELL,empty_header_cell:col1,fallback,0,0,0,0,0,0,9,0,False
f3b06a91470232d1587b194e2bc82fa9a50f3c9f,f3b06a91470232d1587b194e2bc82fa9a50f3c9f:7,f3b06a91470232d1587b194e2bc82fa9a50f3c9f:195,True,passed,,,cell,70,2,1,0,1,9,9,9,False
f3b06a91470232d1587b194e2bc82fa9a50f3c9f,f3b06a91470232d1587b194e2bc82fa9a50f3c9f:8,f3b06a91470232d1587b194e2bc82fa9a50f3c9f:201,True,rejected,GATE_EMPTY_HEADER_CELL,empty_header_cell:col4,fallback,0,0,0,0,0,0,9,0,False
f3b06a91470232d1587b194e2bc82fa9a50f3c9f,f3b06a91470232d1587b194e2bc82fa9a50f3c9f:9,f3b06a91470232d1587b194e2bc82fa9a50f3c9f:206,True,passed,,,cell,97,2,2,0,0,11,11,11,False
f3b06a91470232d1587b194e2bc82fa9a50f3c9f,f3b06a91470232d1587b194e2bc82fa9a50f3c9f:10,f3b06a91470232d1587b194e2bc82fa9a50f3c9f:211,True,passed,,,cell,97,2,2,0,0,11,11,11,False
f3b06a91470232d1587b194e2bc82fa9a50f3c9f,f3b06a91470232d1587b194e2bc82fa9a50f3c9f:11,f3b06a91470232d1587b194e2bc82fa9a50f3c9f:216,True,passed,,,cell,97,2,1,0,1,11,11,11,False
f3b06a91470232d1587b194e2bc82fa9a50f3c9f,f3b06a91470232d1587b194e2bc82fa9a50f3c9f:12,f3b06a91470232d1587b194e2bc82fa9a50f3c9f:221,True,passed,,,cell,107,3,2,0,1,11,11,11,False
f3b06a91470232d1587b194e2bc82fa9a50f3c9f,f3b06a91470232d1587b194e2bc82fa9a50f3c9f:13,f3b06a91470232d1587b194e2bc82fa9a50f3c9f:225,True,passed,,,cell,86,2,1,0,1,11,11,11,False
f3b06a91470232d1587b194e2bc82fa9a50f3c9f,f3b06a91470232d1587b194e2bc82fa9a50f3c9f:14,f3b06a91470232d1587b194e2bc82fa9a50f3c9f:230,True,rejected,GATE_EMPTY_HEADER_CELL,empty_header_cell:col4,fallback,0,0,0,0,0,0,11,0,False
f3b06a91470232d1587b194e2bc82fa9a50f3c9f,f3b06a91470232d1587b194e2bc82fa9a50f3c9f:15,f3b06a91470232d1587b194e2bc82fa9a50f3c9f:235,True,passed,,,cell,86,2,1,0,1,11,11,11,False
f3b06a91470232d1587b194e2bc82fa9a50f3c9f,f3b06a91470232d1587b194e2bc82fa9a50f3c9f:16,f3b06a91470232d1587b194e2bc82fa9a50f3c9f:240,True,rejected,GATE_EMPTY_HEADER_CELL,empty_header_cell:col4,fallback,0,0,0,0,0,0,9,0,False
f3b06a91470232d1587b194e2bc82fa9a50f3c9f,f3b06a91470232d1587b194e2bc82fa9a50f3c9f:17,f3b06a91470232d1587b194e2bc82fa9a50f3c9f:254,True,passed,,,cell,28,8,8,0,0,9,10,9,False
f3b06a91470232d1587b194e2bc82fa9a50f3c9f,f3b06a91470232d1587b194e2bc82fa9a50f3c9f:18,f3b06a91470232d1587b194e2bc82fa9a50f3c9f:261,True,passed,,,cell,28,8,8,0,0,9,10,9,False
f3b06a91470232d1587b194e2bc82fa9a50f3c9f,f3b06a91470232d1587b194e2bc82fa9a50f3c9f:19,f3b06a91470232d1587b194e2bc82fa9a50f3c9f:270,True,passed,,,cell,72,0,0,0,0,12,12,12,False
f3b06a91470232d1587b194e2bc82fa9a50f3c9f,f3b06a91470232d1587b194e2bc82fa9a50f3c9f:20,f3b06a91470232d1587b194e2bc82fa9a50f3c9f:271,True,rejected,GATE_EMPTY_HEADER_CELL,empty_header_cell:col2,fallback,0,0,0,0,0,0,5,0,False
f3b06a91470232d1587b194e2bc82fa9a50f3c9f,f3b06a91470232d1587b194e2bc82fa9a50f3c9f:21,f3b06a91470232d1587b194e2bc82fa9a50f3c9f:280,False,no_grid,,,fallback,0,0,0,0,0,0,0,0,False
fef0393e997ec51b184e39c712be63197d99fd46,fef0393e997ec51b184e39c712be63197d99fd46:0,fef0393e997ec51b184e39c712be63197d99fd46:30,True,rejected,GATE_HEADER_TOO_LONG,header_too_long:col1:64,fallback,0,0,0,0,0,0,11,0,False
fef0393e997ec51b184e39c712be63197d99fd46,fef0393e997ec51b184e39c712be63197d99fd46:1,fef0393e997ec51b184e39c712be63197d99fd46:161,True,passed,PARSE_TOO_FEW_ROWS,,fallback,0,0,0,0,0,0,2,0,False
fef0393e997ec51b184e39c712be63197d99fd46,fef0393e997ec51b184e39c712be63197d99fd46:2,fef0393e997ec51b184e39c712be63197d99fd46:169,True,passed,PARSE_TOO_FEW_ROWS,,fallback,0,0,0,0,0,0,2,0,False
fef0393e997ec51b184e39c712be63197d99fd46,fef0393e997ec51b184e39c712be63197d99fd46:3,fef0393e997ec51b184e39c712be63197d99fd46:180,True,passed,PARSE_TOO_FEW_ROWS,,fallback,0,0,0,0,0,0,2,0,False
fef0393e997ec51b184e39c712be63197d99fd46,fef0393e997ec51b184e39c712be63197d99fd46:4,fef0393e997ec51b184e39c712be63197d99fd46:188,True,passed,PARSE_TOO_FEW_ROWS,,fallback,0,0,0,0,0,0,2,0,False
fef0393e997ec51b184e39c712be63197d99fd46,fef0393e997ec51b184e39c712be63197d99fd46:5,fef0393e997ec51b184e39c712be63197d99fd46:197,True,passed,,,cell,4,2,2,0,0,3,4,3,False
fef0393e997ec51b184e39c712be63197d99fd46,fef0393e997ec51b184e39c712be63197d99fd46:6,fef0393e997ec51b184e39c712be63197d99fd46:209,True,passed,,,cell,2,0,0,0,0,1,2,1,False
fef0393e997ec51b184e39c712be63197d99fd46,fef0393e997ec51b184e39c712be63197d99fd46:7,fef0393e997ec51b184e39c712be63197d99fd46:216,True,passed,,,cell,2,0,0,0,0,1,2,1,False
fef0393e997ec51b184e39c712be63197d99fd46,fef0393e997ec51b184e39c712be63197d99fd46:8,fef0393e997ec51b184e39c712be63197d99fd46:248,True,rejected,GATE_EMPTY_HEADER_CELL,empty_header_cell:col1,fallback,0,0,0,0,0,0,10,0,False
fef0393e997ec51b184e39c712be63197d99fd46,fef0393e997ec51b184e39c712be63197d99fd46:9,fef0393e997ec51b184e39c712be63197d99fd46:269,True,passed,,,cell,4,0,0,0,0,4,4,4,False
fef0393e997ec51b184e39c712be63197d99fd46,fef0393e997ec51b184e39c712be63197d99fd46:10,fef0393e997ec51b184e39c712be63197d99fd46:276,False,no_grid,,,fallback,0,0,0,0,0,0,0,0,False
fef0393e997ec51b184e39c712be63197d99fd46,fef0393e997ec51b184e39c712be63197d99fd46:11,fef0393e997ec51b184e39c712be63197d99fd46:281,True,passed,,,cell,3,0,0,0,0,3,3,3,False
fef0393e997ec51b184e39c712be63197d99fd46,fef0393e997ec51b184e39c712be63197d99fd46:12,fef0393e997ec51b184e39c712be63197d99fd46:292,True,passed,,,cell,63,0,0,0,0,9,9,9,False
fef0393e997ec51b184e39c712be63197d99fd46,fef0393e997ec51b184e39c712be63197d99fd46:13,fef0393e997ec51b184e39c712be63197d99fd46:306,True,passed,,,cell,42,0,0,0,0,6,6,6,False
fef0393e997ec51b184e39c712be63197d99fd46,fef0393e997ec51b184e39c712be63197d99fd46:14,fef0393e997ec51b184e39c712be63197d99fd46:323,True,passed,,,cell,36,0,0,0,0,6,6,6,False
fef0393e997ec51b184e39c712be63197d99fd46,fef0393e997ec51b184e39c712be63197d99fd46:15,fef0393e997ec51b184e39c712be63197d99fd46:345,True,passed,,,cell,15,0,0,0,0,5,5,5,False
fef0393e997ec51b184e39c712be63197d99fd46,fef0393e997ec51b184e39c712be63197d99fd46:16,fef0393e997ec51b184e39c712be63197d99fd46:346,False,no_grid,,,fallback,0,0,0,0,0,0,0,0,False
fef0393e997ec51b184e39c712be63197d99fd46,fef0393e997ec51b184e39c712be63197d99fd46:17,fef0393e997ec51b184e39c712be63197d99fd46:361,True,passed,,,cell,12,3,3,0,0,5,5,5,False
fef0393e997ec51b184e39c712be63197d99fd46,fef0393e997ec51b184e39c712be63197d99fd46:18,fef0393e997ec51b184e39c712be63197d99fd46:377,True,passed,,,cell,12,3,3,0,0,5,5,5,False
fef0393e997ec51b184e39c712be63197d99fd46,fef0393e997ec51b184e39c712be63197d99fd46:19,fef0393e997ec51b184e39c712be63197d99fd46:384,True,passed,,,cell,12,3,3,0,0,5,5,5,False
fef0393e997ec51b184e39c712be63197d99fd46,fef0393e997ec51b184e39c712be63197d99fd46:20,fef0393e997ec51b184e39c712be63197d99fd46:406,True,rejected,GATE_HEADER_NEWLINE,newline_in_header:col1,fallback,0,0,0,0,0,0,10,0,False
fef0393e997ec51b184e39c712be63197d99fd46,fef0393e997ec51b184e39c712be63197d99fd46:21,fef0393e997ec51b184e39c712be63197d99fd46:411,True,passed,,,cell,9,0,0,0,0,3,3,3,False
fef0393e997ec51b184e39c712be63197d99fd46,fef0393e997ec51b184e39c712be63197d99fd46:22,fef0393e997ec51b184e39c712be63197d99fd46:418,True,passed,,,cell,10,0,0,0,0,5,5,5,False
